-- phpMyAdmin SQL Dump
-- version 5.2.0
-- https://www.phpmyadmin.net/
--
-- Host: 127.0.0.1
-- Generation Time: Nov 28, 2023 at 01:45 PM
-- Server version: 10.4.27-MariaDB
-- PHP Version: 8.1.12

SET SQL_MODE = "NO_AUTO_VALUE_ON_ZERO";
START TRANSACTION;
SET time_zone = "+00:00";


/*!40101 SET @OLD_CHARACTER_SET_CLIENT=@@CHARACTER_SET_CLIENT */;
/*!40101 SET @OLD_CHARACTER_SET_RESULTS=@@CHARACTER_SET_RESULTS */;
/*!40101 SET @OLD_COLLATION_CONNECTION=@@COLLATION_CONNECTION */;
/*!40101 SET NAMES utf8mb4 */;

--
-- Database: `szpos_db`
--

-- --------------------------------------------------------

--
-- Table structure for table `products`
--

CREATE TABLE `products` (
  `id` int(11) NOT NULL,
  `barcode` varchar(15) NOT NULL,
  `description` varchar(50) NOT NULL,
  `qty` int(11) NOT NULL DEFAULT 1,
  `amount` decimal(10,2) NOT NULL DEFAULT 0.00,
  `image` varchar(500) NOT NULL,
  `user_id` varchar(60) NOT NULL,
  `date` datetime NOT NULL,
  `views` int(11) NOT NULL DEFAULT 0
) ENGINE=InnoDB DEFAULT CHARSET=utf8mb4 COLLATE=utf8mb4_general_ci;

--
-- Dumping data for table `products`
--

INSERT INTO `products` (`id`, `barcode`, `description`, `qty`, `amount`, `image`, `user_id`, `date`, `views`) VALUES
(7, '2222131385677', ' Royale 54', 1, '59.00', 'uploads/646fbcbbed0ee416259b321fef8392bad131a2d2_9490.jpg', 'Unknown', '2023-08-27 15:30:06', 9),
(8, '2222692874658', ' Why', 1, '59.00', 'uploads/3e06cde2fdfb3df1285f5c7be0c3873128134f40_5418.jpg', 'Unknown', '2023-08-28 14:54:53', 10),
(9, '2222959302816', ' Neutral Water', 1, '59.00', 'uploads/d3c48361ad0ad8e410993e4ab3fa590c90006ffc_2444.jpg', 'Unknown', '2023-08-28 14:55:25', 28),
(10, '2222469763083', 'Elixir', 1, '69.00', 'uploads/7be594b01f07f6eee311da06a9791579341be83f_5249.jpeg', 'Unknown', '2023-08-28 15:00:43', 10),
(11, '2222834519110', 'De Club', 1, '59.00', 'uploads/1f62c0b59495f937b5217b8c7765a27fc6119fef_1881.jpg', 'Unknown', '2023-08-28 15:01:17', 28),
(12, '2222622887737', 'Tabac Vanille', 1, '79.00', 'uploads/b8353002732719d300762f172be41841d8836472_5255.png', 'Unknown', '2023-08-28 15:02:14', 29),
(15, '1234567', 'Eyes', 1, '59.00', 'uploads/3fa9a1d4962c8c16da156b52e1e89f0253deea78_6244.jpeg', '1', '2023-11-14 12:05:53', 2),
(16, '2222614268285', 'STREET HARBOUR', 1, '79.00', 'uploads/f1c72dacf8981bac164508ae58ef22c8aff70845_7233.jpg', '1', '2023-11-15 01:26:50', 1),
(17, '2222303589650', 'In Trance', 1, '79.00', 'uploads/82b1f65623f8edb33570520b53ccc652de91cb54_3330.jpeg', '1', '2023-11-15 01:37:10', 3);

-- --------------------------------------------------------

--
-- Table structure for table `sales`
--

CREATE TABLE `sales` (
  `id` int(11) NOT NULL,
  `barcode` varchar(15) NOT NULL,
  `receipt_no` int(11) NOT NULL,
  `description` varchar(50) NOT NULL,
  `qty` int(11) NOT NULL,
  `amount` decimal(10,2) NOT NULL,
  `total` decimal(10,2) NOT NULL,
  `date` datetime NOT NULL,
  `user_id` varchar(60) NOT NULL
) ENGINE=InnoDB DEFAULT CHARSET=utf8mb4 COLLATE=utf8mb4_general_ci;

--
-- Dumping data for table `sales`
--

INSERT INTO `sales` (`id`, `barcode`, `receipt_no`, `description`, `qty`, `amount`, `total`, `date`, `user_id`) VALUES
(1, '2222229924260', 1, 'test', 1, '3.00', '3.00', '2023-08-28 13:52:42', 'Unknown'),
(2, '2222834519110', 2, 'De Club', 1, '59.00', '59.00', '2023-08-29 19:10:36', 'Unknown'),
(3, '2222469763083', 2, 'Elixir', 1, '69.00', '69.00', '2023-08-29 19:10:36', 'Unknown'),
(4, '2222131385677', 2, ' Royale 54', 1, '59.00', '59.00', '2023-08-29 19:10:36', 'Unknown'),
(5, '2222469763083', 3, 'Elixir', 1, '69.00', '69.00', '2023-08-29 19:11:57', 'Unknown'),
(6, '2222469763083', 4, 'Elixir', 3, '69.00', '207.00', '2023-08-29 19:12:45', 'Unknown'),
(7, '2222131385677', 4, ' Royale 54', 1, '59.00', '59.00', '2023-08-29 19:12:45', 'Unknown'),
(8, '2222834519110', 5, 'De Club', 1, '59.00', '59.00', '2023-08-29 19:57:02', 'Unknown'),
(9, '2222469763083', 5, 'Elixir', 1, '69.00', '69.00', '2023-08-29 19:57:02', 'Unknown'),
(10, '2222692874658', 6, ' Why', 1, '59.00', '59.00', '2023-08-29 21:13:13', 'Unknown'),
(11, '2222469763083', 7, 'Elixir', 1, '69.00', '69.00', '2023-08-29 21:21:14', 'Unknown'),
(12, '2222834519110', 8, 'De Club', 1, '59.00', '59.00', '2023-08-29 21:35:52', 'Unknown'),
(13, '2222469763083', 9, 'Elixir', 1, '69.00', '69.00', '2023-09-05 06:06:44', 'Unknown'),
(14, '2222834519110', 9, 'De Club', 2, '59.00', '118.00', '2023-09-05 06:06:44', 'Unknown'),
(15, '2222834519110', 10, 'De Club', 1, '59.00', '59.00', '2023-09-05 06:06:55', 'Unknown'),
(16, '2222469763083', 10, 'Elixir', 2, '69.00', '138.00', '2023-09-05 06:06:55', 'Unknown'),
(17, '2222469763083', 11, 'Elixir', 5, '69.00', '345.00', '2023-09-05 17:05:07', '1'),
(18, '2222834519110', 11, 'De Club', 3, '59.00', '177.00', '2023-09-05 17:05:07', '1'),
(19, '2222622887737', 11, 'Tabac Vanille', 3, '79.00', '237.00', '2023-09-05 17:05:07', '1'),
(20, '2222834519110', 12, 'De Club', 1, '59.00', '59.00', '2023-10-16 09:07:51', '1'),
(21, '2222469763083', 12, 'Elixir', 1, '69.00', '69.00', '2023-10-16 09:07:51', '1'),
(22, '2222131385677', 12, ' Royale 54', 1, '59.00', '59.00', '2023-10-16 09:07:51', '1'),
(23, '2222469763083', 13, 'Elixir', 1, '69.00', '69.00', '2023-10-17 17:11:44', '1'),
(24, '2222834519110', 13, 'De Club', 1, '59.00', '59.00', '2023-10-17 17:11:44', '1'),
(25, '2222131385677', 13, ' Royale 54', 1, '59.00', '59.00', '2023-10-17 17:11:44', '1'),
(26, '2222692874658', 13, ' Why', 1, '59.00', '59.00', '2023-10-17 17:11:44', '1'),
(27, '2222469763083', 14, 'Elixir', 1, '69.00', '69.00', '2023-10-17 20:42:20', '1'),
(28, '2222834519110', 14, 'De Club', 1, '59.00', '59.00', '2023-10-17 20:42:20', '1'),
(29, '2222622887737', 14, 'Tabac Vanille', 1, '79.00', '79.00', '2023-10-17 20:42:20', '1'),
(30, '2222469763083', 15, 'Elixir', 1, '69.00', '69.00', '2023-10-18 10:01:41', '1'),
(31, '2222834519110', 15, 'De Club', 1, '59.00', '59.00', '2023-10-18 10:01:41', '1'),
(32, '2222622887737', 16, 'Tabac Vanille', 1, '79.00', '79.00', '2023-10-18 19:10:05', '1'),
(33, '2222622887737', 17, 'Tabac Vanille', 3, '79.00', '237.00', '2023-10-18 19:10:36', '1'),
(34, '2222834519110', 18, 'De Club', 1, '59.00', '59.00', '2023-10-18 19:18:37', '1'),
(35, '2222834519110', 19, 'De Club', 5, '59.00', '295.00', '2023-10-18 19:18:47', '1'),
(36, '2222469763083', 20, 'Elixir', 1, '69.00', '69.00', '2023-10-18 19:21:35', '1'),
(37, '2222959302816', 21, ' Neutral Water', 1, '59.00', '59.00', '2023-10-18 20:53:48', '1'),
(38, '2222959302816', 22, ' Neutral Water', 1, '59.00', '59.00', '2023-10-18 20:53:58', '1'),
(39, '2222692874658', 23, ' Why', 1, '59.00', '59.00', '2023-10-18 20:54:09', '1'),
(40, '2222622887737', 24, 'Tabac Vanille', 7, '79.00', '553.00', '2023-10-23 04:58:07', '1'),
(41, '2222834519110', 24, 'De Club', 3, '59.00', '177.00', '2023-10-23 04:58:07', '1'),
(42, '2222959302816', 24, ' Neutral Water', 1, '59.00', '59.00', '2023-10-23 04:58:07', '1'),
(43, '2222959302816', 25, ' Neutral Water', 1, '59.00', '59.00', '2023-10-24 19:43:37', '1'),
(44, '2222834519110', 26, 'De Club', 2, '59.00', '118.00', '2023-10-24 19:50:40', '1'),
(45, '2222834519110', 27, 'De Club', 1, '59.00', '59.00', '2023-10-25 09:33:03', '1'),
(46, '2222959302816', 28, ' Neutral Water', 1, '59.00', '59.00', '2023-10-25 15:15:25', '1'),
(47, '2222692874658', 29, ' Why', 1, '59.00', '59.00', '2023-10-25 18:47:59', '1'),
(48, '2222622887737', 29, 'Tabac Vanille', 1, '79.00', '79.00', '2023-10-25 18:47:59', '1'),
(49, '2222834519110', 29, 'De Club', 1, '59.00', '59.00', '2023-10-25 18:47:59', '1'),
(50, '2222834519110', 30, 'De Club', 1, '59.00', '59.00', '2023-10-25 21:30:18', '1'),
(51, '2222959302816', 30, ' Neutral Water', 1, '59.00', '59.00', '2023-10-25 21:30:18', '1'),
(52, '2222834519110', 31, 'De Club', 1, '59.00', '59.00', '2023-10-25 21:38:17', '1'),
(53, '2222959302816', 31, ' Neutral Water', 3, '59.00', '177.00', '2023-10-25 21:38:17', '1'),
(54, '2222834519110', 32, 'De Club', 3, '59.00', '177.00', '2023-10-25 21:39:20', '1'),
(55, '2222834519110', 33, 'De Club', 4, '59.00', '236.00', '2023-10-25 21:41:46', '1'),
(56, '2222834519110', 34, 'De Club', 1, '59.00', '59.00', '2023-10-25 22:15:04', '1'),
(57, '2222959302816', 34, ' Neutral Water', 1, '59.00', '59.00', '2023-10-25 22:15:04', '1'),
(58, '2222622887737', 34, 'Tabac Vanille', 1, '79.00', '79.00', '2023-10-25 22:15:04', '1'),
(59, '2222959302816', 35, ' Neutral Water', 3, '59.00', '177.00', '2023-10-27 16:24:22', '1'),
(60, '2222131385677', 36, ' Royale 54', 1, '59.00', '59.00', '2023-11-01 11:14:49', '1'),
(61, '2222692874658', 36, ' Why', 1, '59.00', '59.00', '2023-11-01 11:14:49', '1'),
(62, '2222622887737', 36, 'Tabac Vanille', 1, '79.00', '79.00', '2023-11-01 11:14:49', '1'),
(63, '2222622887737', 37, 'Tabac Vanille', 1, '79.00', '79.00', '2023-11-02 01:02:45', '1'),
(64, '2222959302816', 37, ' Neutral Water', 1, '59.00', '59.00', '2023-11-02 01:02:45', '1'),
(69, '2222959302816', 38, ' Neutral Water', 1, '59.00', '59.00', '2023-11-02 03:36:26', '1'),
(70, '2222622887737', 38, 'Tabac Vanille', 1, '79.00', '79.00', '2023-11-02 03:36:26', '1'),
(71, '2222834519110', 38, 'De Club', 1, '59.00', '59.00', '2023-11-02 03:36:26', '1'),
(72, '2222692874658', 38, ' Why', 1, '59.00', '59.00', '2023-11-02 03:36:26', '1'),
(73, '2222131385677', 38, ' Royale 54', 1, '59.00', '59.00', '2023-11-02 03:36:26', '1'),
(74, '2222469763083', 38, 'Elixir', 1, '69.00', '69.00', '2023-11-02 03:36:26', '1'),
(75, '2222692874658', 39, ' Why', 1, '59.00', '59.00', '2023-11-02 02:37:35', '1'),
(76, '2222622887737', 39, 'Tabac Vanille', 1, '79.00', '79.00', '2023-11-02 02:37:35', '1'),
(77, '2222959302816', 39, ' Neutral Water', 1, '59.00', '59.00', '2023-11-02 02:37:35', '1'),
(78, '2222834519110', 39, 'De Club', 1, '59.00', '59.00', '2023-11-02 02:37:35', '1'),
(79, '2222131385677', 39, ' Royale 54', 1, '59.00', '59.00', '2023-11-02 02:37:35', '1'),
(80, '2222959302816', 40, ' Neutral Water', 10, '59.00', '590.00', '2023-11-02 11:25:29', '1'),
(81, '2222959302816', 41, ' Neutral Water', 6, '59.00', '354.00', '2023-11-02 12:25:45', '1'),
(82, '2222622887737', 42, 'Tabac Vanille', 1, '79.00', '79.00', '2023-11-07 19:28:13', '1'),
(83, '2222622887737', 43, 'Tabac Vanille', 1, '79.00', '79.00', '2023-11-09 21:23:52', '1'),
(84, '2222622887737', 44, 'Tabac Vanille', 1, '79.00', '79.00', '2023-11-09 21:41:28', '1'),
(85, '2222834519110', 45, 'De Club', 1, '59.00', '59.00', '2023-11-12 14:44:49', '1'),
(86, '2222834519110', 46, 'De Club', 1, '59.00', '59.00', '2023-11-12 15:36:26', '1'),
(87, '2222959302816', 46, ' Neutral Water', 1, '59.00', '59.00', '2023-11-12 15:36:26', '1'),
(88, '2222622887737', 46, 'Tabac Vanille', 1, '79.00', '79.00', '2023-11-12 15:36:26', '1'),
(89, '2222959302816', 47, ' Neutral Water', 1, '59.00', '59.00', '2023-11-12 15:37:39', '1'),
(90, '2222622887737', 47, 'Tabac Vanille', 1, '79.00', '79.00', '2023-11-12 15:37:39', '1'),
(91, '2222959302816', 48, ' Neutral Water', 1, '59.00', '59.00', '2023-11-12 15:40:02', '1'),
(92, '2222834519110', 48, 'De Club', 1, '59.00', '59.00', '2023-11-12 15:40:02', '1'),
(93, '2222622887737', 48, 'Tabac Vanille', 1, '79.00', '79.00', '2023-11-12 15:40:02', '1'),
(94, '2222469763083', 48, 'Elixir', 1, '69.00', '69.00', '2023-11-12 15:40:02', '1'),
(95, '2222131385677', 48, ' Royale 54', 3, '60.00', '180.00', '2023-11-12 15:40:02', '1'),
(97, '2222469763083', 49, 'Elixir', 1, '69.00', '69.00', '2023-11-12 22:08:21', '1'),
(98, '2222622887737', 49, 'Tabac Vanille', 1, '79.00', '79.00', '2023-11-12 22:08:21', '1'),
(99, '2222834519110', 50, 'De Club', 1, '59.00', '59.00', '2023-11-12 22:13:50', '1'),
(100, '2222622887737', 51, 'Tabac Vanille', 3, '79.00', '237.00', '2023-11-12 22:15:04', '1'),
(101, '2222622887737', 52, 'Tabac Vanille', 3, '79.00', '237.00', '2023-11-12 22:15:25', '1'),
(102, '2222959302816', 53, ' Neutral Water', 2, '59.00', '118.00', '2023-11-12 22:17:15', '1'),
(103, '2222834519110', 54, 'De Club', 2, '59.00', '118.00', '2023-11-12 22:18:59', '1'),
(104, '2222959302816', 55, ' Neutral Water', 1, '59.00', '59.00', '2023-11-12 22:23:06', '1'),
(105, '2222622887737', 56, 'Tabac Vanille', 1, '79.00', '79.00', '2023-11-12 22:23:17', '1'),
(106, '2222834519110', 57, 'De Club', 1, '59.00', '59.00', '2023-11-12 22:24:58', '1'),
(107, '2222959302816', 58, ' Neutral Water', 1, '59.00', '59.00', '2023-11-12 22:29:40', '1'),
(108, '2222622887737', 59, 'Tabac Vanille', 2, '79.00', '158.00', '2023-11-12 22:33:15', '1'),
(109, '2222469763083', 60, 'Elixir', 1, '69.00', '69.00', '2023-11-12 22:34:18', '1'),
(110, '2222834519110', 61, 'De Club', 2, '59.00', '118.00', '2023-11-12 22:38:08', '1'),
(111, '2222959302816', 62, ' Neutral Water', 1, '59.00', '59.00', '2023-11-12 22:40:07', '1'),
(112, '2222622887737', 63, 'Tabac Vanille', 1, '79.00', '79.00', '2023-11-12 22:41:11', '1'),
(113, '2222131385677', 64, ' Royale 54', 1, '59.00', '59.00', '2023-11-12 22:44:30', '1'),
(114, '2222834519110', 64, 'De Club', 1, '59.00', '59.00', '2023-11-12 22:44:30', '1'),
(115, '2222959302816', 65, ' Neutral Water', 1, '59.00', '59.00', '2023-11-12 22:47:44', '1'),
(116, '2222469763083', 65, 'Elixir', 1, '69.00', '69.00', '2023-11-12 22:47:44', '1'),
(117, '2222622887737', 66, 'Tabac Vanille', 1, '79.00', '79.00', '2023-11-12 22:51:53', '1'),
(118, '2222692874658', 67, ' Why', 2, '59.00', '118.00', '2023-11-12 22:57:13', '1'),
(119, '2222131385677', 68, ' Royale 54', 1, '59.00', '59.00', '2023-11-12 23:31:54', '1'),
(120, '2222834519110', 69, 'De Club', 1, '59.00', '59.00', '2023-11-12 23:32:23', '1'),
(121, '2222959302816', 70, ' Neutral Water', 1, '59.00', '59.00', '2023-11-13 11:26:18', '1'),
(122, '2222622887737', 71, 'Tabac Vanille', 1, '79.00', '79.00', '2023-11-14 12:10:40', '1'),
(123, '2222834519110', 72, 'De Club', 3, '59.00', '177.00', '2023-11-14 16:10:16', '1'),
(124, '2222959302816', 72, ' Neutral Water', 2, '59.00', '118.00', '2023-11-14 16:10:16', '1'),
(125, '2222692874658', 72, ' Why', 3, '59.00', '177.00', '2023-11-14 16:10:16', '1'),
(127, '1234567', 73, 'Eyes', 5, '59.00', '295.00', '2023-11-14 16:37:03', '1'),
(128, '2222622887737', 74, 'Tabac Vanille', 3, '79.00', '237.00', '2023-11-15 02:00:13', '1'),
(129, '2222303589650', 75, 'In Trance', 1, '79.00', '79.00', '2023-11-15 03:25:14', '1'),
(130, '2222303589650', 76, 'In Trance', 13, '79.00', '1027.00', '2023-11-15 03:25:30', '1'),
(131, '2222622887737', 77, 'Tabac Vanille', 1, '79.00', '79.00', '2023-11-15 03:28:58', '1'),
(132, '2222959302816', 77, ' Neutral Water', 1, '59.00', '59.00', '2023-11-15 03:28:58', '1'),
(133, '2222834519110', 77, 'De Club', 1, '59.00', '59.00', '2023-11-15 03:28:58', '1'),
(134, '2222131385677', 77, ' Royale 54', 1, '59.00', '59.00', '2023-11-15 03:28:58', '1'),
(135, '2222469763083', 77, 'Elixir', 1, '69.00', '69.00', '2023-11-15 03:28:58', '1'),
(136, '2222692874658', 77, ' Why', 1, '59.00', '59.00', '2023-11-15 03:28:58', '1'),
(137, '2222303589650', 77, 'In Trance', 1, '79.00', '79.00', '2023-11-15 03:28:58', '1'),
(138, '1234567', 77, 'Eyes', 1, '59.00', '59.00', '2023-11-15 03:28:58', '1'),
(139, '2222614268285', 77, 'STREET HARBOUR', 1, '79.00', '79.00', '2023-11-15 03:28:58', '1'),
(140, '2222622887737', 78, 'Tabac Vanille', 1, '79.00', '79.00', '2023-11-15 05:26:23', '1'),
(141, '2222959302816', 78, ' Neutral Water', 1, '59.00', '59.00', '2023-11-15 05:26:23', '1'),
(142, '2222834519110', 78, 'De Club', 4, '59.00', '236.00', '2023-11-15 05:26:23', '1'),
(143, '2222131385677', 78, ' Royale 54', 1, '59.00', '59.00', '2023-11-15 05:26:23', '1'),
(144, '2222834519110', 79, 'De Club', 9, '59.00', '531.00', '2023-11-15 06:18:38', '1'),
(145, '2222959302816', 79, ' Neutral Water', 5, '59.00', '295.00', '2023-11-15 06:18:38', '1'),
(146, '2222622887737', 80, 'Tabac Vanille', 1, '79.00', '79.00', '2023-11-16 15:13:16', '6'),
(147, '2222469763083', 80, 'Elixir', 1, '69.00', '69.00', '2023-11-16 15:13:16', '6'),
(148, '2222692874658', 81, ' Why', 1, '59.00', '59.00', '2023-11-16 15:13:59', '6'),
(149, '2222959302816', 82, ' Neutral Water', 3, '59.00', '177.00', '2023-11-17 04:46:35', '1'),
(150, '2222834519110', 83, 'De Club', 1, '59.00', '59.00', '2023-11-17 05:43:26', '1'),
(151, '2222622887737', 84, 'Tabac Vanille', 1, '79.00', '79.00', '2023-11-19 11:42:39', '1');

-- --------------------------------------------------------

--
-- Table structure for table `users`
--

CREATE TABLE `users` (
  `id` int(11) NOT NULL,
  `username` varchar(30) NOT NULL,
  `email` varchar(100) NOT NULL,
  `password` varchar(255) NOT NULL,
  `date` datetime NOT NULL,
  `image` varchar(500) DEFAULT NULL,
  `role` varchar(30) NOT NULL,
  `gender` varchar(6) NOT NULL DEFAULT 'male',
  `deleteable` tinyint(1) NOT NULL DEFAULT 1
) ENGINE=InnoDB DEFAULT CHARSET=utf8mb4 COLLATE=utf8mb4_general_ci;

--
-- Dumping data for table `users`
--

INSERT INTO `users` (`id`, `username`, `email`, `password`, `date`, `image`, `role`, `gender`, `deleteable`) VALUES
(1, 'Hairi', 'zuhairizahurin1103@gmail.com', '$2y$10$thFKQs64lnVCJO0V2deTp.VIOBLqmnCEj180Yjs.cz7uCfore4HF2', '2023-09-05 17:04:48', 'uploads/a5c2165b589daad01ea656324aa3df9c9fc853a6_8057.jpg', 'admin', 'male', 0),
(5, 'Moon', 'Moon03@gmail.com', '$2y$10$dNyNarawl5B0yDzMw8eWDegDGVGhcl5g5cGFDzX7t8zlqKpF9nbn.', '2023-10-18 20:55:23', 'uploads/a8871e8470eecf6288efdad2138172d71ef5ec94_1782.jpg', 'supervisor', 'female', 1),
(6, 'Apan', 'apan03@gmail.com', '$2y$10$XK9HmnT1TnkB5y/OAy46P.0D25tCsPzUadQjEMaMpP8Eb87h1dVsO', '2023-10-23 05:07:12', 'uploads/6442cac0a27d73d4e0d8e12db4ed2039cb13137b_5161.jpg', 'cashier', 'male', 1),
(7, 'Ahmad', 'nial03@gmail.com', '$2y$10$gvj.UTuLHocYZb3V1rBlYeQvs.g0YkVhtZDt.CTp2xxk0HL/so/YO', '2023-10-25 22:20:31', 'uploads/3207c648002d68f395a21bd9cc8c16af74e542d1_4845.jpg', 'cashier', 'male', 1),
(8, 'Insyi', 'insyi03@gmail.com', '$2y$10$TT2GrQI3OVx38/cowsmXZudDMWlI2lW/5Be1kJ.SnFmJDeg3z8ueS', '2023-11-14 12:10:07', 'uploads/870b25100f08bef7ea5d2b96aaf9ca57e8fbc4eb_1675.jpg', 'supervisor', 'female', 1);

--
-- Indexes for dumped tables
--

--
-- Indexes for table `products`
--
ALTER TABLE `products`
  ADD PRIMARY KEY (`id`),
  ADD KEY `barcode` (`barcode`),
  ADD KEY `description` (`description`),
  ADD KEY `qty` (`qty`),
  ADD KEY `user_id` (`user_id`),
  ADD KEY `date` (`date`),
  ADD KEY `views` (`views`);

--
-- Indexes for table `sales`
--
ALTER TABLE `sales`
  ADD PRIMARY KEY (`id`),
  ADD KEY `barcode` (`barcode`),
  ADD KEY `user_id` (`user_id`),
  ADD KEY `date` (`date`),
  ADD KEY `description` (`description`),
  ADD KEY `receipt_no` (`receipt_no`);

--
-- Indexes for table `users`
--
ALTER TABLE `users`
  ADD PRIMARY KEY (`id`),
  ADD KEY `email` (`email`),
  ADD KEY `date` (`date`),
  ADD KEY `role` (`role`);

--
-- AUTO_INCREMENT for dumped tables
--

--
-- AUTO_INCREMENT for table `products`
--
ALTER TABLE `products`
  MODIFY `id` int(11) NOT NULL AUTO_INCREMENT, AUTO_INCREMENT=18;

--
-- AUTO_INCREMENT for table `sales`
--
ALTER TABLE `sales`
  MODIFY `id` int(11) NOT NULL AUTO_INCREMENT, AUTO_INCREMENT=152;

--
-- AUTO_INCREMENT for table `users`
--
ALTER TABLE `users`
  MODIFY `id` int(11) NOT NULL AUTO_INCREMENT, AUTO_INCREMENT=9;
COMMIT;

/*!40101 SET CHARACTER_SET_CLIENT=@OLD_CHARACTER_SET_CLIENT */;
/*!40101 SET CHARACTER_SET_RESULTS=@OLD_CHARACTER_SET_RESULTS */;
/*!40101 SET COLLATION_CONNECTION=@OLD_COLLATION_CONNECTION */;
